model,dataset,batch_size,epochs,lr,split,accuracy,precision,recall,f1,specificity,loss
mobilenetv2,lymphoma,32,2,0.001,train,0.5977,0.6228,0.5996,0.6004,0.8013,0.3569
mobilenetv2,lymphoma,32,2,0.001,validation,0.6607,0.6702,0.6505,0.6431,0.8295,0.3809
mobilenetv2,lymphoma,32,2,0.001,test,0.5965,0.6127,0.5917,0.5974,0.798,0.3896
vit_b32,lymphoma,none,16,2,0.0001,train,0.4023,0.3788,0.4124,0.3692,0.7038,0.4462,0.6587
vit_b32,lymphoma,none,16,2,0.0001,validation,0.4821,0.4453,0.4862,0.4409,0.7447,0.4413,0.6587
vit_b32,lymphoma,none,16,2,0.0001,test,0.4737,0.4752,0.4875,0.4476,0.7404,0.4374,0.6587
mobilenetv2,lymphoma,none,32,2,0.001,train,0.5824,0.6021,0.5845,0.5857,0.7934,0.358,0.7613
mobilenetv2,lymphoma,none,32,2,0.001,validation,0.6429,0.6609,0.6271,0.6078,0.8197,0.3709,0.7613
mobilenetv2,lymphoma,none,32,2,0.001,test,0.5263,0.5675,0.512,0.511,0.7582,0.3682,0.7613
vit_b32,lymphoma,none,16,2,0.001,train,0.4751,0.306,0.445,0.3602,0.73,0.4597,0.626
vit_b32,lymphoma,none,16,2,0.001,validation,0.4821,0.3214,0.4577,0.3771,0.7366,0.4613,0.626
vit_b32,lymphoma,none,16,2,0.001,test,0.4035,0.2716,0.3818,0.3166,0.6949,0.4584,0.626
resnet34,lymphoma,none,32,100,0.0001,train,0.9617,0.9615,0.9613,0.9614,0.9809,0.043,0.9492
resnet34,lymphoma,none,32,100,0.0001,validation,0.8393,0.838,0.8391,0.8381,0.9195,0.132,0.9492
resnet34,lymphoma,none,32,100,0.0001,test,0.8947,0.8964,0.9014,0.8952,0.9482,0.1764,0.9492
mobilenetv2,lymphoma,none,32,100,0.0001,train,0.8544,0.8581,0.8552,0.8492,0.9283,0.1534,0.9157
mobilenetv2,lymphoma,none,32,100,0.0001,validation,0.875,0.8761,0.8735,0.8744,0.9368,0.1698,0.9157
mobilenetv2,lymphoma,none,32,100,0.0001,test,0.807,0.804,0.81,0.802,0.9047,0.2141,0.9157
squeezenet1_1,lymphoma,none,32,100,0.0001,train,0.7625,0.7612,0.762,0.7577,0.8816,0.2307,0.8258
squeezenet1_1,lymphoma,none,32,100,0.0001,validation,0.7143,0.7281,0.7088,0.714,0.8541,0.3151,0.8258
squeezenet1_1,lymphoma,none,32,100,0.0001,test,0.6667,0.6544,0.6672,0.6492,0.8321,0.3882,0.8258
efficientnet_b0,lymphoma,none,32,100,0.0001,train,0.8966,0.8983,0.8982,0.8942,0.9495,0.0967,0.9306
efficientnet_b0,lymphoma,none,32,100,0.0001,validation,0.8036,0.813,0.7924,0.7948,0.8994,0.1841,0.9306
efficientnet_b0,lymphoma,none,32,100,0.0001,test,0.7544,0.7779,0.7429,0.744,0.8771,0.1719,0.9306
efficientnet_b1,lymphoma,none,32,100,0.0001,train,0.8697,0.8661,0.8671,0.8662,0.9357,0.1245,0.9207
efficientnet_b1,lymphoma,none,32,100,0.0001,validation,0.7857,0.8019,0.7803,0.785,0.8912,0.1725,0.9207
efficientnet_b1,lymphoma,none,32,100,0.0001,test,0.7544,0.7521,0.7528,0.7521,0.8779,0.1876,0.9207
mobilenetv3_large,lymphoma,none,32,100,0.0001,train,0.9234,0.9224,0.924,0.9221,0.9628,0.0575,0.9443
mobilenetv3_large,lymphoma,none,32,100,0.0001,validation,0.8393,0.8389,0.8417,0.8399,0.9195,0.1146,0.9443
mobilenetv3_large,lymphoma,none,32,100,0.0001,test,0.7719,0.7733,0.7741,0.7726,0.8863,0.1637,0.9443
dual_fusion_mobilenetv3_large_efficientnet_b0_eca_post_fusion,lymphoma,eca,32,100,0.0001,train,0.931,0.9304,0.9319,0.9298,0.9667,0.0573,0.9641
dual_fusion_mobilenetv3_large_efficientnet_b0_eca_post_fusion,lymphoma,eca,32,100,0.0001,validation,0.8571,0.8779,0.8528,0.8587,0.9261,0.1189,0.9641
dual_fusion_mobilenetv3_large_efficientnet_b0_eca_post_fusion,lymphoma,eca,32,100,0.0001,test,0.8596,0.8667,0.8643,0.86,0.9316,0.1118,0.9641
dual_fusion_mobilenetv3_large_efficientnet_b0_eca_pre_fusion,lymphoma,eca,32,100,0.0001,train,0.9425,0.9419,0.942,0.9407,0.9719,0.0513,0.9663
dual_fusion_mobilenetv3_large_efficientnet_b0_eca_pre_fusion,lymphoma,eca,32,100,0.0001,validation,0.8214,0.8356,0.8195,0.825,0.908,0.1233,0.9663
dual_fusion_mobilenetv3_large_efficientnet_b0_eca_pre_fusion,lymphoma,eca,32,100,0.0001,test,0.8421,0.8514,0.8447,0.8449,0.9214,0.112,0.9663
dual_fusion_mobilenetv3_large_efficientnet_b0_cbam_pre_fusion,lymphoma,cbam,32,100,0.0001,train,0.9272,0.9277,0.9283,0.9261,0.9645,0.0715,0.9714
dual_fusion_mobilenetv3_large_efficientnet_b0_cbam_pre_fusion,lymphoma,cbam,32,100,0.0001,validation,0.8571,0.8754,0.8528,0.8575,0.9268,0.121,0.9714
dual_fusion_mobilenetv3_large_efficientnet_b0_cbam_pre_fusion,lymphoma,cbam,32,100,0.0001,test,0.8421,0.8441,0.843,0.8432,0.921,0.0992,0.9714
dual_fusion_mobilenetv3_large_efficientnet_b0_cbam_post_fusion,lymphoma,cbam,32,100,0.0001,train,0.931,0.9288,0.9301,0.9292,0.9663,0.065,0.9749
dual_fusion_mobilenetv3_large_efficientnet_b0_cbam_post_fusion,lymphoma,cbam,32,100,0.0001,validation,0.8214,0.827,0.8195,0.8217,0.9092,0.1147,0.9749
dual_fusion_mobilenetv3_large_efficientnet_b0_cbam_post_fusion,lymphoma,cbam,32,100,0.0001,test,0.8596,0.8586,0.8593,0.8533,0.9306,0.097,0.9749
dual_fusion_mobilenetv3_large_efficientnet_b0_cbam_pre_fusion,lymphoma,cbam,32,140,0.0001,train,0.9425,0.9414,0.9425,0.9411,0.9719,0.0542,0.9877
dual_fusion_mobilenetv3_large_efficientnet_b0_cbam_pre_fusion,lymphoma,cbam,32,140,0.0001,validation,0.8571,0.8799,0.8486,0.8542,0.9255,0.0961,0.9877
dual_fusion_mobilenetv3_large_efficientnet_b0_cbam_pre_fusion,lymphoma,cbam,32,140,0.0001,test,0.8947,0.8923,0.8943,0.8915,0.9482,0.0675,0.9877
edf,lymphoma,none,32,100,0.0001,train,0.8889,0.8891,0.8901,0.8878,0.9454,0.0968,0.9203
edf,lymphoma,none,32,100,0.0001,validation,0.7143,0.7404,0.7035,0.7075,0.8524,0.2505,0.9203
edf,lymphoma,none,32,100,0.0001,test,0.7719,0.7799,0.7666,0.7701,0.8844,0.2031,0.9203
caef,lymphoma,none,32,100,0.0001,train,0.8429,0.8405,0.8411,0.8393,0.923,0.118,0.898
caef,lymphoma,none,32,100,0.0001,validation,0.7143,0.7238,0.7067,0.7093,0.8543,0.2782,0.898
caef,lymphoma,none,32,100,0.0001,test,0.807,0.8148,0.8092,0.8097,0.9029,0.2401,0.898
caef,lymphoma,none,32,100,0.0001,train,0.8851,0.8852,0.8859,0.8836,0.9438,0.1113,0.9117
caef,lymphoma,none,32,100,0.0001,validation,0.6964,0.698,0.6754,0.667,0.8448,0.2415,0.9117
caef,lymphoma,none,32,100,0.0001,test,0.7719,0.7799,0.7666,0.7701,0.8844,0.2231,0.9117
mief,lymphoma,none,32,100,0.0001,train,0.8697,0.8739,0.8737,0.8694,0.9366,0.1268,0.9146
mief,lymphoma,none,32,100,0.0001,validation,0.75,0.7585,0.7406,0.7433,0.8724,0.2253,0.9146
mief,lymphoma,none,32,100,0.0001,test,0.7719,0.774,0.7704,0.7718,0.8848,0.2121,0.9146
mief,lymphoma,none,32,100,0.0001,train,0.931,0.9308,0.9297,0.9294,0.9656,0.0718,0.9277
mief,lymphoma,none,32,100,0.0001,validation,0.8929,0.9039,0.8883,0.8924,0.9451,0.1139,0.9277
mief,lymphoma,none,32,100,0.0001,test,0.7895,0.799,0.7896,0.7901,0.8951,0.1803,0.9277
mief,lymphoma,none,32,100,0.0001,train,0.8544,0.8513,0.8515,0.8485,0.9284,0.1403,0.8306
mief,lymphoma,none,32,100,0.0001,validation,0.7143,0.7513,0.7135,0.7074,0.8554,0.2956,0.8306
mief,lymphoma,none,32,100,0.0001,test,0.6316,0.7132,0.6243,0.6239,0.8143,0.285,0.8306
caef,lymphoma,none,32,100,0.0001,train,0.7241,0.7351,0.7271,0.7184,0.8646,0.2518,0.8226
caef,lymphoma,none,32,100,0.0001,validation,0.625,0.6633,0.6024,0.5789,0.8054,0.3962,0.8226
caef,lymphoma,none,32,100,0.0001,test,0.6316,0.6138,0.6201,0.6159,0.8169,0.4036,0.8226
cef,lymphoma,none,32,100,0.0001,train,0.8621,0.8589,0.8591,0.8589,0.9314,0.1352,0.9327
cef,lymphoma,none,32,100,0.0001,validation,0.8929,0.8948,0.892,0.8929,0.9461,0.1121,0.9327
cef,lymphoma,none,32,100,0.0001,test,0.8421,0.8368,0.8376,0.836,0.9218,0.2197,0.9327
cef,lymphoma,none,32,100,0.0001,train,0.8697,0.8711,0.8718,0.8681,0.9364,0.1129,0.9232
cef,lymphoma,none,32,100,0.0001,validation,0.75,0.758,0.7353,0.73,0.8719,0.2217,0.9232
cef,lymphoma,none,32,100,0.0001,test,0.7895,0.7869,0.7924,0.7819,0.8964,0.1803,0.9232
cef,lymphoma,none,32,100,0.0001,train,0.8736,0.877,0.8763,0.8738,0.938,0.1037,0.9104
cef,lymphoma,none,32,100,0.0001,validation,0.8393,0.842,0.8343,0.8365,0.9185,0.1542,0.9104
cef,lymphoma,none,32,100,0.0001,test,0.7193,0.7271,0.7132,0.7143,0.8599,0.2123,0.9104
caef,lymphoma,none,32,100,0.0001,train,0.8238,0.8365,0.8255,0.8191,0.9147,0.135,0.9038
caef,lymphoma,none,32,100,0.0001,validation,0.7857,0.7865,0.7829,0.783,0.8924,0.2151,0.9038
caef,lymphoma,none,32,100,0.0001,test,0.7368,0.7427,0.7427,0.7368,0.8701,0.1741,0.9038
mief,lymphoma,none,32,100,0.0001,train,0.8314,0.8438,0.8344,0.8309,0.9185,0.1351,0.9568
mief,lymphoma,none,32,100,0.0001,validation,0.7857,0.7875,0.784,0.7847,0.8932,0.1786,0.9568
mief,lymphoma,none,32,100,0.0001,test,0.8421,0.8623,0.8463,0.8473,0.921,0.1221,0.9568
